<?xml version="1.0" encoding="UTF-8"?><toolbars xmlns="ToolbarDeffinition" xmlns:xsi="http://www.w3.org/2001/XMLSchema-instance" xsi:schemaLocation="ToolbarDeffinition toolbarDesc.xsd">		<toolbar id="tbLayout">		<activator>			<name>Layout</name>			<description>Layout Templates</description>			<tooltip>Layout Templates (Fraction, Root, Sqrt, Subscripts...)</tooltip>			<image>ActivatorImages/Layout.svg</image>		</activator>		<buttonRef idref="Fraction"/>		<buttonRef idref="Sqrt"/>		<buttonRef idref="AllSupSub"/>		<buttonRef idref="FractionBevelled"/>		<buttonRef idref="Root"/>		<buttonRef idref="CustomSupSub"/>		<buttonRef idref="Sup"/>		<buttonRef idref="Sub"/>		<buttonRef idref="SupSub"/>		<buttonRef idref="PreSup"/>		<buttonRef idref="PreSub"/>		<buttonRef idref="PreSupSub"/>				<buttonRef idref="Over"/>		<buttonRef idref="Under"/>		<buttonRef idref="OverUnder"/>				<buttonRef idref="FreeText"/>		<buttonRef idref="InvisibleTimes"/>		<buttonRef idref="ApplyFunction"/>		<buttonRef idref="ThinSpace"/>		<buttonRef idref="VeryThinSpace"/>		<buttonRef idref="NegativeThinSpace"/>	</toolbar>	<toolbar id="tbFencedEmbelishments">		<activator>			<name>Fenced</name>			<description>Fences and Accents</description>			<tooltip>Fences and Accents</tooltip>			<image>ActivatorImages/FencedEmbelishments.svg</image>		</activator>		<buttonRef idref="Parenthesis"/>		<buttonRef idref="Brackets"/>		<buttonRef idref="Braces"/>		<buttonRef idref="Abs"/>		<buttonRef idref="Floor"/>		<buttonRef idref="Ceil"/>		<buttonRef idref="Norm"/>		<buttonRef idref="Angular"/>		<buttonRef idref="Fires"/>		<buttonRef idref="OverBar"/>		<buttonRef idref="OverBrace"/>		<buttonRef idref="OverParenthesis"/>		<buttonRef idref="UnderBar"/>		<buttonRef idref="UnderBrace"/>		<buttonRef idref="UnderParenthesis"/>		<buttonRef idref="OverLarr"/>		<buttonRef idref="OverHarr"/>		<buttonRef idref="OverRarr"/>		<buttonRef idref="Prime"/>		<buttonRef idref="OverDot"/>		<buttonRef idref="OverHat"/>		<buttonRef idref="Second"/>		<buttonRef idref="OverDdot"/>		<buttonRef idref="OverTilde"/>	</toolbar>	<toolbar id="tbCalculus">		<activator>			<name>Calculus</name>			<description>Calculus</description>			<tooltip>Calculus</tooltip>			<image>ActivatorImages/Calculus.svg</image>		</activator>		<buttonRef idref="Sum"/>		<buttonRef idref="Prod"/>		<buttonRef idref="CoProd"/>		<buttonRef idref="SumFrom"/>		<buttonRef idref="ProdFrom"/>		<buttonRef idref="CoProdFrom"/>		<buttonRef idref="Limit"/>		<buttonRef idref="LimitUp"/>		<buttonRef idref="LimitDown"/>		<buttonRef idref="Div"/>		<buttonRef idref="Grad"/>		<buttonRef idref="Curl"/>		<buttonRef idref="Integral"/>		<buttonRef idref="IntegralFrom"/>		<buttonRef idref="Primitive"/>		<buttonRef idref="SurfaceIntegral"/>		<buttonRef idref="VolumeIntegral"/>		<buttonRef idref="ContourIntegral"/>		<buttonRef idref="DoubleIntegral"/>		<buttonRef idref="TripleIntegral"/>		<buttonRef idref="dx"/>		<buttonRef idref="deltax"/>		<buttonRef idref="DOverdx"/>		<buttonRef idref="DOverdeltax"/>	</toolbar>	<toolbar id="tbOperators">		<activator>			<name>Operators</name>			<description>Arithmetical and Logical Operator Symbols</description>			<tooltip>Arithmetical and Logical Operator Symbols</tooltip>			<image>ActivatorImages/Operators.svg</image>		</activator>		<buttonRef idref="Plus"/>		<buttonRef idref="Minus"/>		<buttonRef idref="Times"/>		<buttonRef idref="OPlus"/>		<buttonRef idref="OMinus"/>		<buttonRef idref="OTimes"/>		<buttonRef idref="Sdot"/>		<buttonRef idref="over"/>		<buttonRef idref="Divide"/>		<buttonRef idref="plusmn"/>		<buttonRef idref="mnplus"/>		<buttonRef idref="CompFn"/>		<buttonRef idref="forall"/>		<buttonRef idref="Exists"/>		<buttonRef idref="NotExists"/>		<buttonRef idref="and"/>		<buttonRef idref="or"/>		<buttonRef idref="not"/>	</toolbar>	<toolbar id="tbRelationalOperators">		<activator>			<name>Relational Operators</name>			<description>Relational Operators</description>			<tooltip>Relational Operators</tooltip>			<image>ActivatorImages/RelationalOperators.svg</image>		</activator>		<buttonRef idref="equals"/>		<buttonRef idref="cong"/>		<buttonRef idref="equiv"/>						<buttonRef idref="ne"/>		<buttonRef idref="ncong"/>		<buttonRef idref="nequiv"/>				<buttonRef idref="ap"/>		<buttonRef idref="sim"/>		<buttonRef idref="Lt"/>				<buttonRef idref="nap"/>		<buttonRef idref="nsim"/>		<buttonRef idref="Gt"/>					<buttonRef idref="nle"/>		<buttonRef idref="leq"/>		<buttonRef idref="nlt"/>						<buttonRef idref="nge"/>		<buttonRef idref="geq"/>		<buttonRef idref="ngt"/>								<buttonRef idref="pr"/>		<buttonRef idref="prcue"/>		<buttonRef idref="lessdot"/>				<buttonRef idref="sc"/>		<buttonRef idref="sccue"/>				<buttonRef idref="gtdot"/>	</toolbar>	<toolbar id="tbSetTheory">		<activator>			<name>SetTheory</name>			<description>Set Theory Symbols</description>			<tooltip>Set Theory Symbols</tooltip>			<image>ActivatorImages/SetTheory.svg</image>		</activator>		<buttonRef idref="Union"/>		<buttonRef idref="UnionFrom"/>		<buttonRef idref="union"/>		<buttonRef idref="Intersection"/>		<buttonRef idref="IntersectionFrom"/>		<buttonRef idref="intersection"/>				<buttonRef idref="subset"/>		<buttonRef idref="superset"/>		<buttonRef idref="isin"/>				<buttonRef idref="notsubset"/>		<buttonRef idref="notsuperset"/>		<buttonRef idref="isnotin"/>				<buttonRef idref="subeqset"/>		<buttonRef idref="supereqset"/>		<buttonRef idref="isinreverse"/>				<buttonRef idref="notsubeqset"/>		<buttonRef idref="notsupereqset"/>		<buttonRef idref="isnotinreverse"/>				<buttonRef idref="subnoteqset"/>		<buttonRef idref="supernoteqset"/>		<buttonRef idref="Difference"/>				<buttonRef idref="naturals"/>		<buttonRef idref="integers"/>		<buttonRef idref="rationals"/>		<buttonRef idref="reals"/>		<buttonRef idref="complexes"/>		<buttonRef idref="quaternions"/>		<buttonRef idref="emptyset"/>			</toolbar>	<toolbar id="tbTrigonometry">		<activator>			<name>Trigonometry</name>			<description>Geometry and Trigonometry Symbols</description>			<tooltip>Geometry and Trigonometry Symbols</tooltip>			<image>ActivatorImages/Trigonometry.svg</image>		</activator>		<buttonRef idref="sin"/>		<buttonRef idref="cos"/>		<buttonRef idref="tan"/>		<buttonRef idref="sec"/>		<buttonRef idref="csc"/>		<buttonRef idref="cot"/>		<buttonRef idref="sinh"/>		<buttonRef idref="cosh"/>		<buttonRef idref="tanh"/>		<buttonRef idref="sech"/>		<buttonRef idref="csch"/>		<buttonRef idref="coth"/>		<buttonRef idref="arcsin"/>		<buttonRef idref="arccos"/>		<buttonRef idref="arctan"/>		<buttonRef idref="arcsec"/>		<buttonRef idref="arccsc"/>		<buttonRef idref="arccot"/>		<buttonRef idref="arcsinh"/>		<buttonRef idref="arccosh"/>		<buttonRef idref="arctanh"/>		<buttonRef idref="arcsech"/>		<buttonRef idref="arccsch"/>		<buttonRef idref="arccoth"/>		<buttonRef idref="ang"/>		<buttonRef idref="angmsd"/>		<buttonRef idref="angsph"/>		<buttonRef idref="spar"/>		<buttonRef idref="nspar"/>		<buttonRef idref="perp"/>	</toolbar>	<toolbar id="tbMatrix">		<activator>			<name>Matrix</name>			<description>Matrix</description>			<tooltip>Matrix</tooltip>			<image>ActivatorImages/Matrix.svg</image>		</activator>		<buttonRef idref="Matrix12"/>		<buttonRef idref="Matrix21"/>		<buttonRef idref="Matrix22"/>		<buttonRef idref="Matrix13"/>		<buttonRef idref="Matrix31"/>		<buttonRef idref="Matrix33"/>		<buttonRef idref="Matrix14"/>		<buttonRef idref="Matrix41"/>		<buttonRef idref="Matrix44"/>		<buttonRef idref="MatrixEllipsis14"/>		<buttonRef idref="MatrixEllipsis41"/>		<buttonRef idref="MatrixEllipsis44"/>		<!--buttonRef idref="MatrixCustom"/-->	</toolbar>	<toolbar id="tbArrows">		<activator>			<name>Arrows</name>			<description>Arrows</description>			<tooltip>Arrows</tooltip>			<image>ActivatorImages/Arrows.svg</image>		</activator>				<buttonRef idref="lArr"/>		<buttonRef idref="hArr"/>		<buttonRef idref="rArr"/>				<buttonRef idref="nearr"/>		<buttonRef idref="varr"/>		<buttonRef idref="nwarr"/>		<buttonRef idref="searr"/>		<buttonRef idref="harr"/>		<buttonRef idref="swarr"/>				<buttonRef idref="larr"/>		<buttonRef idref="lrarr"/>		<buttonRef idref="rarr"/>				<buttonRef idref="uarr"/>		<buttonRef idref="udarr"/>		<buttonRef idref="darr"/>				<buttonRef idref="larrhk"/>		<buttonRef idref="map"/>		<buttonRef idref="rarrhk"/>				<buttonRef idref="lharu"/>		<buttonRef idref="vdash"/>		<buttonRef idref="vDash"/>		<buttonRef idref="rharu"/>		<buttonRef idref="nvdash"/>		<buttonRef idref="nvDash"/>			</toolbar>	<toolbar id="tbLowerGreek">		<activator>			<name>Lowercase Greek</name>			<description>Lowercase Greek</description>			<tooltip>Lowercase Greek</tooltip>			<image>ActivatorImages/LowerGreek.svg</image>		</activator>		<buttonRef idref="alpha"/>		<buttonRef idref="beta"/>		<buttonRef idref="gamma"/>		<buttonRef idref="delta"/>		<buttonRef idref="epsilon"/>		<buttonRef idref="zeta"/>		<buttonRef idref="eta"/>		<buttonRef idref="theta"/>		<buttonRef idref="iota"/>		<buttonRef idref="kappa"/>		<buttonRef idref="lamda"/>		<buttonRef idref="mu"/>		<buttonRef idref="nu"/>		<buttonRef idref="xi"/>		<buttonRef idref="omicron"/>		<buttonRef idref="pi"/>		<buttonRef idref="rho"/>		<buttonRef idref="sigma"/>		<buttonRef idref="tau"/>		<buttonRef idref="upsilon"/>		<buttonRef idref="phi"/>		<buttonRef idref="chi"/>		<buttonRef idref="psi"/>		<buttonRef idref="omega"/>	</toolbar>	<toolbar id="tbUpperGreek">		<activator>			<name>Uppercase Greek</name>			<description>Uppercase Greek</description>			<tooltip>Uppercase Greek</tooltip>			<image>ActivatorImages/UpperGreek.svg</image>		</activator>		<buttonRef idref="Alpha"/>		<buttonRef idref="Beta"/>		<buttonRef idref="Gamma"/>		<buttonRef idref="Delta"/>		<buttonRef idref="Epsilon"/>		<buttonRef idref="Zeta"/>		<buttonRef idref="Eta"/>		<buttonRef idref="Theta"/>		<buttonRef idref="Iota"/>		<buttonRef idref="Kappa"/>		<buttonRef idref="Lamda"/>		<buttonRef idref="Mu"/>		<buttonRef idref="Nu"/>		<buttonRef idref="Xi"/>		<buttonRef idref="Omicron"/>		<buttonRef idref="Pi"/>		<buttonRef idref="Rho"/>		<buttonRef idref="Sigma"/>		<buttonRef idref="Tau"/>		<buttonRef idref="Upsilon"/>		<buttonRef idref="Phi"/>		<buttonRef idref="Chi"/>		<buttonRef idref="Psi"/>		<buttonRef idref="Omega"/>	</toolbar>	<toolbar id="tbMiscellaneousSymbols">		<activator>			<name>Miscellaneous Symbols</name>			<description>Miscellaneous Symbols</description>			<tooltip>Miscellaneous Symbols</tooltip>			<image>ActivatorImages/MiscSymb.svg</image>		</activator>		<buttonRef idref="infin"/>		<buttonRef idref="top"/>		<buttonRef idref="bot"/>				<buttonRef idref="real"/>		<buttonRef idref="image"/>		<buttonRef idref="aleph"/>				<buttonRef idref="imath"/>		<buttonRef idref="jmath"/>		<buttonRef idref="ell"/>				<buttonRef idref="weierp"/>		<buttonRef idref="plankv"/>		<buttonRef idref="mho"/>				<buttonRef idref="epsiv"/>		<buttonRef idref="sigmav"/>		<buttonRef idref="thetav"/>				<buttonRef idref="phiv"/>		<buttonRef idref="piv"/>		<buttonRef idref="kappav"/>				<buttonRef idref="rhov"/>		<buttonRef idref="nabla"/>		<buttonRef idref="Gammad"/>	</toolbar>		<buttonDef id="infin">		<name>Infinity Symbol</name>		<description>Infinity Symbol</description>		<tooltip>Infinity Symbol</tooltip>		<image>Buttons/MiscellaneousSymbols/infin.svg</image>		<action>newstatic('&amp;infin;', 0, false, StaticLabel.prototype.IDENTIFIER)</action>	</buttonDef>	<buttonDef id="epsiv">		<name>Greek letter epsilon (variant)</name>		<description>Greek letter epsilon (variant)</description>		<tooltip>Greek letter epsilon (variant)</tooltip>		<image>Buttons/MiscellaneousSymbols/epsiv.svg</image>		<action>newstatic('&amp;epsiv;', 0, false, StaticLabel.prototype.IDENTIFIER)</action>	</buttonDef>	<buttonDef id="sigmav">		<name>Greek letter sigma (variant)</name>		<description>Greek letter sigma (variant)</description>		<tooltip>Greek letter sigma (variant)</tooltip>		<image>Buttons/MiscellaneousSymbols/sigmav.svg</image>		<action>newstatic('&amp;sigmav;', 0, false, StaticLabel.prototype.IDENTIFIER)</action>	</buttonDef>	<buttonDef id="thetav">		<name>Greek letter theta (variant)</name>		<description>Greek letter theta (variant)</description>		<tooltip>Greek letter theta (variant)</tooltip>		<image>Buttons/MiscellaneousSymbols/thetav.svg</image>		<action>newstatic('&amp;thetav;', 0, false, StaticLabel.prototype.IDENTIFIER)</action>	</buttonDef>	<buttonDef id="phiv">		<name>Greek letter phi (variant)</name>		<description>Greek letter phi (variant)</description>		<tooltip>Greek letter phi (variant)</tooltip>		<image>Buttons/MiscellaneousSymbols/phiv.svg</image>		<action>newstatic('&amp;phiv;', 0, false, StaticLabel.prototype.IDENTIFIER)</action>	</buttonDef>	<buttonDef id="piv">		<name>Greek letter pi (variant)</name>		<description>Greek letter pi (variant)</description>		<tooltip>Greek letter pi (variant)</tooltip>		<image>Buttons/MiscellaneousSymbols/piv.svg</image>		<action>newstatic('&amp;piv;', 0, false, StaticLabel.prototype.IDENTIFIER)</action>	</buttonDef>	<buttonDef id="kappav">		<name>Greek letter kappa (variant)</name>		<description>Greek letter kappa (variant)</description>		<tooltip>Greek letter kappa (variant)</tooltip>		<image>Buttons/MiscellaneousSymbols/kappav.svg</image>		<action>newstatic('&amp;kappav;', 0, false, StaticLabel.prototype.IDENTIFIER)</action>	</buttonDef>	<buttonDef id="rhov">		<name>Greek letter rho (variant)</name>		<description>Greek letter rho (variant)</description>		<tooltip>Greek letter rho (variant)</tooltip>		<image>Buttons/MiscellaneousSymbols/rhov.svg</image>		<action>newstatic('&amp;rhov;', 0, false, StaticLabel.prototype.IDENTIFIER)</action>	</buttonDef>	<buttonDef id="Gammad">		<name>Greek letter Gamma (variant)</name>		<description>Greek letter Gamma (variant)</description>		<tooltip>Greek letter Gamma (variant)</tooltip>		<image>Buttons/MiscellaneousSymbols/Gammad.svg</image>		<action>newstatic('&amp;Gammad;', 0, false, StaticLabel.prototype.IDENTIFIER)</action>	</buttonDef>		<buttonDef id="mho">		<name>Inverted Ohm Symbol</name>		<description>Inverted Ohm Symbol</description>		<tooltip>Inverted Ohm Symbol</tooltip>		<image>Buttons/MiscellaneousSymbols/mho.svg</image>		<action>newstatic('&amp;mho;', 0, false, StaticLabel.prototype.IDENTIFIER)</action>	</buttonDef>		<buttonDef id="ell">		<name>ell</name>		<description>ell</description>		<tooltip>ell</tooltip>		<image>Buttons/MiscellaneousSymbols/ell.svg</image>		<action>newstatic('&amp;ell;')</action>	</buttonDef>		<buttonDef id="weierp">		<name>weierp</name>		<description>weierp</description>		<tooltip>weierp</tooltip>		<image>Buttons/MiscellaneousSymbols/weierp.svg</image>		<action>newstatic('&amp;weierp;')</action>	</buttonDef>		<buttonDef id="real">		<name>Real</name>		<description>Real</description>		<tooltip>Real</tooltip>		<image>Buttons/MiscellaneousSymbols/real.svg</image>		<action>newstatic('&amp;real;')</action>	</buttonDef>	<buttonDef id="image">		<name>Imaginary</name>		<description>Imaginary</description>		<tooltip>Imaginary</tooltip>		<image>Buttons/MiscellaneousSymbols/image.svg</image>		<action>newstatic('&amp;image;')</action>	</buttonDef>	<buttonDef id="imath">		<name>Mathematical i</name>		<description>Mathematical i</description>		<tooltip>Mathematical i</tooltip>		<image>Buttons/MiscellaneousSymbols/imath.svg</image>		<action>newstatic('&amp;imath;', 0, false, StaticLabel.prototype.IDENTIFIER)</action>	</buttonDef>	<buttonDef id="jmath">		<name>Mathematical j</name>		<description>Mathematical j</description>		<tooltip>Mathematical j</tooltip>		<image>Buttons/MiscellaneousSymbols/jmath.svg</image>		<action>newstatic('&amp;jmath;', 0, false, StaticLabel.prototype.IDENTIFIER)</action>	</buttonDef>		<buttonDef id="plankv">		<name>Plank Constant Symbol</name>		<description>Plank Constant Symbol</description>		<tooltip>Plank Constant Symbol</tooltip>		<image>Buttons/MiscellaneousSymbols/plankv.svg</image>		<action>newstatic('&amp;plankv;', 0, false, StaticLabel.prototype.IDENTIFIER)</action>	</buttonDef>		<buttonDef id="aleph">		<name>Aleph Symbol</name>		<description>Aleph Symbol</description>		<tooltip>Aleph Symbol</tooltip>		<image>Buttons/MiscellaneousSymbols/aleph.svg</image>		<action>newstatic('&amp;aleph;', 0, false, StaticLabel.prototype.IDENTIFIER)</action>	</buttonDef>	<buttonDef id="top">		<name>Top Symbol</name>		<description>Top Symbol</description>		<tooltip>Top Symbol</tooltip>		<image>Buttons/MiscellaneousSymbols/top.svg</image>		<action>newstatic('&amp;top;')</action>	</buttonDef>	<buttonDef id="bot">		<name>Bottom Symbol</name>		<description>Bottom Symbol</description>		<tooltip>Bottom Symbol</tooltip>		<image>Buttons/MiscellaneousSymbols/bot.svg</image>		<action>newstatic('&amp;bot;')</action>	</buttonDef>	<buttonDef id="nabla">		<name>Nabla Symbol</name>		<description>Nabla Symbol</description>		<tooltip>Nabla Symbol</tooltip>		<image>Buttons/MiscellaneousSymbols/nabla.svg</image>		<action>newstatic('&amp;nabla;')</action>	</buttonDef>	<!-- Layout -->	<buttonDef id="Fraction">		<name>Fraction</name>		<description>Fraction</description>		<tooltip>Fraction</tooltip>		<image>Buttons/Fraction.svg</image>		<action>newfraction()</action>	</buttonDef>	<buttonDef id="FractionBevelled">		<name>Bevelled Fraction</name>		<description>Bevelled Fraction</description>		<tooltip>Bevelled Fraction</tooltip>		<image>Buttons/FractionBevelled.svg</image>		<action>newfraction(true)</action>	</buttonDef>	<buttonDef id="Root">		<name>Root</name>		<description>Root</description>		<tooltip>Root</tooltip>		<image>Buttons/Root.svg</image>		<action>newroot()</action>	</buttonDef>	<buttonDef id="Sqrt">		<name>Square root</name>		<description>Square root</description>		<tooltip>Square root</tooltip>		<image>Buttons/Sqrt.svg</image>		<action>newsqrt()</action>	</buttonDef>	<buttonDef id="Sup">		<name>Superscript</name>		<description>Superscript</description>		<tooltip>Superscript</tooltip>		<image>Buttons/Script/Script1000.svg</image>		<action>newsubsup(1);</action>	</buttonDef>	<buttonDef id="Sub">		<name>Subscript</name>		<description>Subscript</description>		<tooltip>Subscript</tooltip>		<image>Buttons/Script/Script0100.svg</image>		<action>newsubsup(2);</action>	</buttonDef>	<buttonDef id="SupSub">		<name>Superscript and Subscript</name>		<description>Superscript and Subscript</description>		<tooltip>Superscript and Subscript</tooltip>		<image>Buttons/Script/Script1100.svg</image>		<action>newsubsup(3);</action>	</buttonDef>	<buttonDef id="AllSupSub">		<name>All Superscript and Subscript</name>		<description>All Superscript and Subscript</description>		<tooltip>All Superscript and Subscript</tooltip>		<image>Buttons/Script/Script1111.svg</image>		<action>newsubsup(15);</action>	</buttonDef>	<buttonDef id="PreSup">		<name>Pre Superscript</name>		<description>Pre Superscript</description>		<tooltip>Pre Superscript</tooltip>		<image>Buttons/Script/Script0010.svg</image>		<action>newsubsup(4);</action>	</buttonDef>	<buttonDef id="PreSub">		<name>Pre Subscript</name>		<description>Pre Subscript</description>		<tooltip>Pre Subscript</tooltip>		<image>Buttons/Script/Script0001.svg</image>		<action>newsubsup(8);</action>	</buttonDef>	<buttonDef id="PreSupSub">		<name>Pre Superscript and Subscript</name>		<description>Pre Superscript and Subscript</description>		<tooltip>Pre Superscript and Subscript</tooltip>		<image>Buttons/Script/Script0011.svg</image>		<action>newsubsup(12);</action>	</buttonDef>	<buttonDef id="CustomSupSub">		<name>Custom Superscript and Subscript</name>		<description>Custom Superscript and Subscript</description>		<tooltip>Custom Superscript and Subscript</tooltip>		<image>Buttons/Script/ScriptCustom.svg</image>		<action>alert('We are sorry for the incovenience,\nbut this feature is not implemented in\nsMArTH version 0.05.\nWe hope you will find it in our next version.');</action>	</buttonDef>	<buttonDef id="Over">		<name>Overscript</name>		<description>Overscript</description>		<tooltip>Overscript</tooltip>		<image>Buttons/Script/Over.svg</image>		<action>newoverunder(1);</action>	</buttonDef>	<buttonDef id="Under">		<name>Underscript</name>		<description>Underscript</description>		<tooltip>Underscript</tooltip>		<image>Buttons/Script/Under.svg</image>		<action>newoverunder(2);</action>	</buttonDef>	<buttonDef id="OverUnder">		<name>Overscript and Underscript</name>		<description>Overscript and Underscript</description>		<tooltip>Overscript and Underscript</tooltip>		<image>Buttons/Script/OverUnder.svg</image>		<action>newoverunder(3);</action>	</buttonDef>	<buttonDef id="FreeText">		<name>FreeText</name>		<description>Lets the user input free text</description>		<tooltip>Free Text</tooltip>		<image>Buttons/FreeText.svg</image>		<action>newtext();</action>	</buttonDef>	<buttonDef id="InvisibleTimes">		<name>Invisible Times</name>		<description>Insert an invisible Times operator</description>		<tooltip>Insert an invisible Times operator</tooltip>		<image>Buttons/InvisibleTimes.svg</image>		<action>newstatic('&amp;InvisibleTimes;');</action>	</buttonDef>	<buttonDef id="ApplyFunction">		<name>Invisible Apply function</name>		<description>Insert an invisible Apply Function operator</description>		<tooltip>Insert an invisible Apply Function operator</tooltip>		<image>Buttons/ApplyFunction.svg</image>		<action>newstatic('&amp;ApplyFunction;');</action>	</buttonDef>	<buttonDef id="ThinSpace">		<name>Thin Space</name>		<description>Insert a thin space</description>		<tooltip>Insert a thin space</tooltip>		<image>Buttons/ThinSpace.svg</image>		<action>newstatic('&amp;ThinSpace;', 0, false, StaticLabel.prototype.MTEXT);</action>	</buttonDef>	<buttonDef id="VeryThinSpace">		<name>Very Thin Space</name>		<description>Insert a very thin space</description>		<tooltip>Insert a very thin space</tooltip>		<image>Buttons/VeryThinSpace.svg</image>		<action>newstatic('&amp;VeryThinSpace;', 0, false, StaticLabel.prototype.MTEXT);</action>	</buttonDef>	<buttonDef id="NegativeThinSpace">		<name>Negative Thin Space</name>		<description>Insert a negative thin space</description>		<tooltip>Insert a negative thin space</tooltip>		<image>Buttons/NegativeThinSpace.svg</image>		<action>newstatic('&amp;NegativeThinSpace;', 0, false, StaticLabel.prototype.MTEXT);</action>	</buttonDef>	<!-- Greek lowercase -->	<buttonDef id="alpha">		<name>Greek letter alpha</name>		<description>Greek letter alpha (&amp;alpha;)</description>		<tooltip>Greek letter alpha (&amp;alpha;)</tooltip>		<image>Buttons/Greek/Lower/Greek_alpha_lower.svg</image>		<action>newstatic('&amp;alpha;', 0, false, StaticLabel.prototype.IDENTIFIER);</action>	</buttonDef>	<buttonDef id="beta">		<name>Greek letter beta</name>		<description>Greek letter beta ('&amp;beta;')</description>		<tooltip>Greek letter beta ('&amp;beta;')</tooltip>		<image>Buttons/Greek/Lower/Greek_beta_lower.svg</image>		<action>newstatic('&amp;beta;', 0, false, StaticLabel.prototype.IDENTIFIER);</action>	</buttonDef>	<buttonDef id="gamma">		<name>Greek letter gamma</name>		<description>Greek letter gamma ('&amp;gamma;')</description>		<tooltip>Greek letter gamma ('&amp;gamma;')</tooltip>		<image>Buttons/Greek/Lower/Greek_gamma_lower.svg</image>		<action>newstatic('&amp;gamma;', 0, false, StaticLabel.prototype.IDENTIFIER);</action>	</buttonDef>	<buttonDef id="delta">		<name>Greek letter delta</name>		<description>Greek letter delta ('&amp;delta;')</description>		<tooltip>Greek letter delta ('&amp;delta;')</tooltip>		<image>Buttons/Greek/Lower/Greek_delta_lower.svg</image>		<action>newstatic('&amp;delta;', 0, false, StaticLabel.prototype.IDENTIFIER);</action>	</buttonDef>	<buttonDef id="epsilon">		<name>Greek letter epsilon</name>		<description>Greek letter epsilon ('&amp;epsiv;')</description>		<tooltip>Greek letter epsilon ('&amp;epsiv;')</tooltip>		<image>Buttons/Greek/Lower/Greek_epsilon_lower.svg</image>		<action>newstatic('&amp;epsiv;', 0, false, StaticLabel.prototype.IDENTIFIER);</action>	</buttonDef>	<buttonDef id="zeta">		<name>Greek letter zeta</name>		<description>Greek letter zeta ('&amp;zeta;')</description>		<tooltip>Greek letter zeta ('&amp;zeta;')</tooltip>		<image>Buttons/Greek/Lower/Greek_zeta_lower.svg</image>		<action>newstatic('&amp;zeta;', 0, false, StaticLabel.prototype.IDENTIFIER);</action>	</buttonDef>	<buttonDef id="eta">		<name>Greek letter eta</name>		<description>Greek letter eta ('&amp;eta;')</description>		<tooltip>Greek letter eta ('&amp;eta;')</tooltip>		<image>Buttons/Greek/Lower/Greek_eta_lower.svg</image>		<action>newstatic('&amp;eta;', 0, false, StaticLabel.prototype.IDENTIFIER);</action>	</buttonDef>	<buttonDef id="theta">		<name>Greek letter theta</name>		<description>Greek letter theta ('&amp;theta;')</description>		<tooltip>Greek letter theta ('&amp;theta;')</tooltip>		<image>Buttons/Greek/Lower/Greek_theta_lower.svg</image>		<action>newstatic('&amp;theta;', 0, false, StaticLabel.prototype.IDENTIFIER);</action>	</buttonDef>	<buttonDef id="iota">		<name>Greek letter iota</name>		<description>Greek letter iota ('&amp;iota;')</description>		<tooltip>Greek letter iota ('&amp;iota;')</tooltip>		<image>Buttons/Greek/Lower/Greek_iota_lower.svg</image>		<action>newstatic('&amp;iota;', 0, false, StaticLabel.prototype.IDENTIFIER);</action>	</buttonDef>	<buttonDef id="kappa">		<name>Greek letter kappa</name>		<description>Greek letter kappa ('&amp;kappa;')</description>		<tooltip>Greek letter kappa ('&amp;kappa;')</tooltip>		<image>Buttons/Greek/Lower/Greek_kappa_lower.svg</image>		<action>newstatic('&amp;kappa;', 0, false, StaticLabel.prototype.IDENTIFIER);</action>	</buttonDef>	<buttonDef id="lamda">		<name>Greek letter lamda</name>		<description>Greek letter lamda ('&amp;lambda;')</description>		<tooltip>Greek letter lamda ('&amp;lambda;')</tooltip>		<image>Buttons/Greek/Lower/Greek_lamda_lower.svg</image>		<action>newstatic('&amp;lambda;', 0, false, StaticLabel.prototype.IDENTIFIER);</action>	</buttonDef>	<buttonDef id="mu">		<name>Greek letter mu</name>		<description>Greek letter mu ('&amp;mu;')</description>		<tooltip>Greek letter mu ('&amp;mu;')</tooltip>		<image>Buttons/Greek/Lower/Greek_mu_lower.svg</image>		<action>newstatic('&amp;mu;', 0, false, StaticLabel.prototype.IDENTIFIER);</action>	</buttonDef>	<buttonDef id="nu">		<name>Greek letter nu</name>		<description>Greek letter nu ('&amp;nu;')</description>		<tooltip>Greek letter nu ('&amp;nu;')</tooltip>		<image>Buttons/Greek/Lower/Greek_nu_lower.svg</image>		<action>newstatic('&amp;nu;', 0, false, StaticLabel.prototype.IDENTIFIER);</action>	</buttonDef>	<buttonDef id="xi">		<name>Greek letter xi</name>		<description>Greek letter xi ('&amp;xi;')</description>		<tooltip>Greek letter xi ('&amp;xi;')</tooltip>		<image>Buttons/Greek/Lower/Greek_xi_lower.svg</image>		<action>newstatic('&amp;xi;', 0, false, StaticLabel.prototype.IDENTIFIER);</action>	</buttonDef>	<buttonDef id="omicron">		<name>Greek letter omicron</name>		<description>Greek letter omicron</description>		<tooltip>Greek letter omicron</tooltip>		<image>Buttons/Greek/Lower/Greek_omicron_lower.svg</image>		<action>newstatic('&amp;#x003BF;', 0, false, StaticLabel.prototype.IDENTIFIER);</action>	</buttonDef>	<buttonDef id="pi">		<name>Greek letter pi</name>		<description>Greek letter pi ('&amp;pi;')</description>		<tooltip>Greek letter pi ('&amp;pi;')</tooltip>		<image>Buttons/Greek/Lower/Greek_pi_lower.svg</image>		<action>newstatic('&amp;pi;', 0, false, StaticLabel.prototype.IDENTIFIER);</action>	</buttonDef>	<buttonDef id="rho">		<name>Greek letter rho</name>		<description>Greek letter rho ('&amp;rho;')</description>		<tooltip>Greek letter rho ('&amp;rho;')</tooltip>		<image>Buttons/Greek/Lower/Greek_rho_lower.svg</image>		<action>newstatic('&amp;rho;', 0, false, StaticLabel.prototype.IDENTIFIER);</action>	</buttonDef>	<buttonDef id="sigma">		<name>Greek letter sigma</name>		<description>Greek letter sigma ('&amp;sigma;')</description>		<tooltip>Greek letter sigma ('&amp;sigma;')</tooltip>		<image>Buttons/Greek/Lower/Greek_sigma_lower.svg</image>		<action>newstatic('&amp;sigma;', 0, false, StaticLabel.prototype.IDENTIFIER);</action>	</buttonDef>	<buttonDef id="tau">		<name>Greek letter tau</name>		<description>Greek letter tau ('&amp;tau;')</description>		<tooltip>Greek letter tau ('&amp;tau;')</tooltip>		<image>Buttons/Greek/Lower/Greek_tau_lower.svg</image>		<action>newstatic('&amp;tau;', 0, false, StaticLabel.prototype.IDENTIFIER);</action>	</buttonDef>	<buttonDef id="upsilon">		<name>Greek letter upsilon</name>		<description>Greek letter upsilon ('&amp;upsilon;')</description>		<tooltip>Greek letter upsilon ('&amp;upsilon;')</tooltip>		<image>Buttons/Greek/Lower/Greek_upsilon_lower.svg</image>		<action>newstatic('&amp;upsilon;', 0, false, StaticLabel.prototype.IDENTIFIER);</action>	</buttonDef>	<buttonDef id="phi">		<name>Greek letter phi</name>		<description>Greek letter phi ('&amp;phi;')</description>		<tooltip>Greek letter phi ('&amp;phi;')</tooltip>		<image>Buttons/Greek/Lower/Greek_phi_lower.svg</image>		<action>newstatic('&amp;phi;', 0, false, StaticLabel.prototype.IDENTIFIER);</action>	</buttonDef>	<buttonDef id="chi">		<name>Greek letter chi</name>		<description>Greek letter chi ('&amp;chi;')</description>		<tooltip>Greek letter chi ('&amp;chi;')</tooltip>		<image>Buttons/Greek/Lower/Greek_chi_lower.svg</image>		<action>newstatic('&amp;chi;', 0, false, StaticLabel.prototype.IDENTIFIER);</action>	</buttonDef>	<buttonDef id="psi">		<name>Greek letter psi</name>		<description>Greek letter psi ('&amp;psi;')</description>		<tooltip>Greek letter psi ('&amp;psi;')</tooltip>		<image>Buttons/Greek/Lower/Greek_psi_lower.svg</image>		<action>newstatic('&amp;psi;', 0, false, StaticLabel.prototype.IDENTIFIER);</action>	</buttonDef>	<buttonDef id="omega">		<name>Greek letter omega</name>		<description>Greek letter omega ('&amp;omega;')</description>		<tooltip>Greek letter omega ('&amp;omega;')</tooltip>		<image>Buttons/Greek/Lower/Greek_omega_lower.svg</image>		<action>newstatic('&amp;omega;', 0, false, StaticLabel.prototype.IDENTIFIER);</action>	</buttonDef>	<!-- Greek uppercase -->	<buttonDef id="Alpha">		<name>Greek letter alpha</name>		<description>Greek letter alpha</description>		<tooltip>Greek letter alpha</tooltip>		<image>Buttons/Greek/Upper/Greek_Alpha_upper.svg</image>		<action>newstatic('&amp;#x00391;', 0, false, StaticLabel.prototype.IDENTIFIER);</action>	</buttonDef>	<buttonDef id="Beta">		<name>Greek letter beta</name>		<description>Greek letter beta</description>		<tooltip>Greek letter beta</tooltip>		<image>Buttons/Greek/Upper/Greek_Beta_upper.svg</image>		<action>newstatic('&amp;#x00392;', 0, false, StaticLabel.prototype.IDENTIFIER);</action>	</buttonDef>	<buttonDef id="Gamma">		<name>Greek letter gamma</name>		<description>Greek letter gamma ('&amp;Gamma;')</description>		<tooltip>Greek letter gamma ('&amp;Gamma;')</tooltip>		<image>Buttons/Greek/Upper/Greek_Gamma_upper.svg</image>		<action>newstatic('&amp;Gamma;', 0, false, StaticLabel.prototype.IDENTIFIER);</action>	</buttonDef>	<buttonDef id="Delta">		<name>Greek letter delta</name>		<description>Greek letter delta ('&amp;Delta;')</description>		<tooltip>Greek letter delta ('&amp;Delta;')</tooltip>		<image>Buttons/Greek/Upper/Greek_Delta_upper.svg</image>		<action>newstatic('&amp;Delta;', 0, false, StaticLabel.prototype.IDENTIFIER);</action>	</buttonDef>	<buttonDef id="Epsilon">		<name>Greek letter epsilon</name>		<description>Greek letter epsilon</description>		<tooltip>Greek letter epsilon</tooltip>		<image>Buttons/Greek/Upper/Greek_Epsilon_upper.svg</image>		<action>newstatic('&amp;#x00395;', 0, false, StaticLabel.prototype.IDENTIFIER);</action>	</buttonDef>	<buttonDef id="Zeta">		<name>Greek letter zeta</name>		<description>Greek letter zeta</description>		<tooltip>Greek letter zeta</tooltip>		<image>Buttons/Greek/Upper/Greek_Zeta_upper.svg</image>		<action>newstatic('&amp;#x00396;', 0, false, StaticLabel.prototype.IDENTIFIER);</action>	</buttonDef>	<buttonDef id="Eta">		<name>Greek letter eta</name>		<description>Greek letter eta</description>		<tooltip>Greek letter eta</tooltip>		<image>Buttons/Greek/Upper/Greek_Eta_upper.svg</image>		<action>newstatic('&amp;#x00397;', 0, false, StaticLabel.prototype.IDENTIFIER);</action>	</buttonDef>	<buttonDef id="Theta">		<name>Greek letter theta</name>		<description>Greek letter theta ('&amp;Theta;')</description>		<tooltip>Greek letter theta ('&amp;Theta;')</tooltip>		<image>Buttons/Greek/Upper/Greek_Theta_upper.svg</image>		<action>newstatic('&amp;Theta;', 0, false, StaticLabel.prototype.IDENTIFIER);</action>	</buttonDef>	<buttonDef id="Iota">		<name>Greek letter iota</name>		<description>Greek letter iota</description>		<tooltip>Greek letter iota</tooltip>		<image>Buttons/Greek/Upper/Greek_Iota_upper.svg</image>		<action>newstatic('&amp;#x00399;', 0, false, StaticLabel.prototype.IDENTIFIER);</action>	</buttonDef>	<buttonDef id="Kappa">		<name>Greek letter kappa</name>		<description>Greek letter kappa</description>		<tooltip>Greek letter kappa</tooltip>		<image>Buttons/Greek/Upper/Greek_Kappa_upper.svg</image>		<action>newstatic('&amp;#x0039A;', 0, false, StaticLabel.prototype.IDENTIFIER);</action>	</buttonDef>	<buttonDef id="Lamda">		<name>Greek letter lamda</name>		<description>Greek letter lamda ('&amp;Lambda;')</description>		<tooltip>Greek letter lamda ('&amp;Lambda;')</tooltip>		<image>Buttons/Greek/Upper/Greek_Lamda_upper.svg</image>		<action>newstatic('&amp;Lambda;', 0, false, StaticLabel.prototype.IDENTIFIER);</action>	</buttonDef>	<buttonDef id="Mu">		<name>Greek letter mu</name>		<description>Greek letter mu</description>		<tooltip>Greek letter mu</tooltip>		<image>Buttons/Greek/Upper/Greek_Mu_upper.svg</image>		<action>newstatic('&amp;#x0039C;', 0, false, StaticLabel.prototype.IDENTIFIER);</action>	</buttonDef>	<buttonDef id="Nu">		<name>Greek letter nu</name>		<description>Greek letter nu</description>		<tooltip>Greek letter nu</tooltip>		<image>Buttons/Greek/Upper/Greek_Nu_upper.svg</image>		<action>newstatic('&amp;#x0039D;', 0, false, StaticLabel.prototype.IDENTIFIER);</action>	</buttonDef>	<buttonDef id="Xi">		<name>Greek letter xi</name>		<description>Greek letter xi ('&amp;Xi;')</description>		<tooltip>Greek letter xi ('&amp;Xi;')</tooltip>		<image>Buttons/Greek/Upper/Greek_Xi_upper.svg</image>		<action>newstatic('&amp;Xi;', 0, false, StaticLabel.prototype.IDENTIFIER);</action>	</buttonDef>	<buttonDef id="Omicron">		<name>Greek letter omicron</name>		<description>Greek letter omicron</description>		<tooltip>Greek letter omicron</tooltip>		<image>Buttons/Greek/Upper/Greek_Omicron_upper.svg</image>		<action>newstatic('&amp;#x0039F;', 0, false, StaticLabel.prototype.IDENTIFIER);</action>	</buttonDef>	<buttonDef id="Pi">		<name>Greek letter pi</name>		<description>Greek letter pi ('&amp;Pi;')</description>		<tooltip>Greek letter pi ('&amp;Pi;')</tooltip>		<image>Buttons/Greek/Upper/Greek_Pi_upper.svg</image>		<action>newstatic('&amp;Pi;', 0, false, StaticLabel.prototype.IDENTIFIER);</action>	</buttonDef>	<buttonDef id="Rho">		<name>Greek letter rho</name>		<description>Greek letter rho</description>		<tooltip>Greek letter rho</tooltip>		<image>Buttons/Greek/Upper/Greek_Rho_upper.svg</image>		<action>newstatic('&amp;#x003A1;', 0, false, StaticLabel.prototype.IDENTIFIER);</action>	</buttonDef>	<buttonDef id="Sigma">		<name>Greek letter sigma</name>		<description>Greek letter sigma ('&amp;Sigma;')</description>		<tooltip>Greek letter sigma ('&amp;Sigma;')</tooltip>		<image>Buttons/Greek/Upper/Greek_Sigma_upper.svg</image>		<action>newstatic('&amp;Sigma;', 0, false, StaticLabel.prototype.IDENTIFIER);</action>	</buttonDef>	<buttonDef id="Tau">		<name>Greek letter tau</name>		<description>Greek letter tau</description>		<tooltip>Greek letter tau</tooltip>		<image>Buttons/Greek/Upper/Greek_Tau_upper.svg</image>		<action>newstatic('&amp;#x003A4;', 0, false, StaticLabel.prototype.IDENTIFIER);</action>	</buttonDef>	<buttonDef id="Upsilon">		<name>Greek letter upsilon</name>		<description>Greek letter upsilon ('&amp;Upsilon;')</description>		<tooltip>Greek letter upsilon ('&amp;Upsilon;')</tooltip>		<image>Buttons/Greek/Upper/Greek_Upsilon_upper.svg</image>		<action>newstatic('&amp;Upsilon;', 0, false, StaticLabel.prototype.IDENTIFIER);</action>	</buttonDef>	<buttonDef id="Phi">		<name>Greek letter phi</name>		<description>Greek letter phi ('&amp;Phi;')</description>		<tooltip>Greek letter phi ('&amp;Phi;')</tooltip>		<image>Buttons/Greek/Upper/Greek_Phi_upper.svg</image>		<action>newstatic('&amp;Phi;', 0, false, StaticLabel.prototype.IDENTIFIER);</action>	</buttonDef>	<buttonDef id="Chi">		<name>Greek letter chi</name>		<description>Greek letter chi</description>		<tooltip>Greek letter chi</tooltip>		<image>Buttons/Greek/Upper/Greek_Chi_upper.svg</image>		<action>newstatic('&amp;#x003A7;', 0, false, StaticLabel.prototype.IDENTIFIER);</action>	</buttonDef>	<buttonDef id="Psi">		<name>Greek letter psi</name>		<description>Greek letter psi ('&amp;Psi;')</description>		<tooltip>Greek letter psi ('&amp;Psi;')</tooltip>		<image>Buttons/Greek/Upper/Greek_Psi_upper.svg</image>		<action>newstatic('&amp;Psi;', 0, false, StaticLabel.prototype.IDENTIFIER);</action>	</buttonDef>	<buttonDef id="Omega">		<name>Greek letter Omega</name>		<description>Greek letter Omega ('&amp;Omega;')</description>		<tooltip>Greek letter Omega ('&amp;Omega;')</tooltip>		<image>Buttons/Greek/Upper/Greek_Omega_upper.svg</image>		<action>newstatic('&amp;Omega;', 0, false, StaticLabel.prototype.IDENTIFIER);</action>	</buttonDef>	<!-- Matrix buttons -->	<buttonDef id="Matrix12">		<name>Matrix12</name>		<description>1X2 Matrix</description>		<tooltip>1X2 Matrix</tooltip>		<image>Buttons/Matrix/Matrix12.svg</image>		<action>newmatrix(1,2);</action>	</buttonDef>	<buttonDef id="Matrix21">		<name>Matrix21</name>		<description>2X1 Matrix</description>		<tooltip>2X1 Matrix</tooltip>		<image>Buttons/Matrix/Matrix21.svg</image>		<action>newmatrix(2, 1);</action>	</buttonDef>	<buttonDef id="Matrix22">		<name>Matrix22</name>		<description>2X2 Matrix</description>		<tooltip>2X2 Matrix</tooltip>		<image>Buttons/Matrix/Matrix22.svg</image>		<action>newmatrix(2, 2);</action>	</buttonDef>	<buttonDef id="Matrix13">		<name>Matrix13</name>		<description>1X3 Matrix</description>		<tooltip>1X3 Matrix</tooltip>		<image>Buttons/Matrix/Matrix13.svg</image>		<action>newmatrix(1, 3);</action>	</buttonDef>	<buttonDef id="Matrix31">		<name>Matrix31</name>		<description>3X1 Matrix</description>		<tooltip>3X1 Matrix</tooltip>		<image>Buttons/Matrix/Matrix31.svg</image>		<action>newmatrix(3, 1);</action>	</buttonDef>	<buttonDef id="Matrix33">		<name>Matrix33</name>		<description>3X3 Matrix</description>		<tooltip>3X3 Matrix</tooltip>		<image>Buttons/Matrix/Matrix33.svg</image>		<action>newmatrix(3, 3);</action>	</buttonDef>	<buttonDef id="Matrix14">		<name>Matrix14</name>		<description>1X4 Matrix</description>		<tooltip>1X4 Matrix</tooltip>		<image>Buttons/Matrix/Matrix14.svg</image>		<action>newmatrix(1, 4);</action>	</buttonDef>	<buttonDef id="Matrix41">		<name>Matrix41</name>		<description>4X1 Matrix</description>		<tooltip>4X1 Matrix</tooltip>		<image>Buttons/Matrix/Matrix41.svg</image>		<action>newmatrix(4, 1);</action>	</buttonDef>	<buttonDef id="Matrix44">		<name>Matrix44</name>		<description>4X4 Matrix</description>		<tooltip>4X4 Matrix</tooltip>		<image>Buttons/Matrix/Matrix44.svg</image>		<action>newmatrix(4, 4);</action>	</buttonDef>	<buttonDef id="MatrixEllipsis14">		<name>MatrixEllipsis14</name>		<description>1X4 Matrix Ellipsis</description>		<tooltip>1X4 MatrixEllipsis</tooltip>		<image>Buttons/Matrix/MatrixEllipsis14.svg</image>		<action>newmatrixHEllipsis();</action>	</buttonDef>	<buttonDef id="MatrixEllipsis41">		<name>MatrixEllipsis41</name>		<description>4X1 MatrixEllipsis</description>		<tooltip>4X1 MatrixEllipsis</tooltip>		<image>Buttons/Matrix/MatrixEllipsis41.svg</image>		<action>newmatrixVEllipsis();</action>	</buttonDef>	<buttonDef id="MatrixEllipsis44">		<name>MatrixEllipsis44</name>		<description>4X4 Matrix Ellipsis</description>		<tooltip>4X4 MatrixEllipsis</tooltip>		<image>Buttons/Matrix/MatrixEllipsis44.svg</image>		<action>newmatrixEllipsis();</action>	</buttonDef>	<buttonDef id="MatrixCustom">		<name>MatrixCustom</name>		<description>Custom Matrix</description>		<tooltip>MatrixCustom</tooltip>		<image>Buttons/Matrix/MatrixCustom.svg</image>		<action>alert('We are sorry for the incovenience,\nbut this feature is not implemented in\nsMArTH version 0.05.\nWe hope you will find it in our next version.');</action>	</buttonDef>		<!-- Calculus -->	<buttonDef id="Sum">		<name>Sum</name>		<description>Sum</description>		<tooltip>Sum</tooltip>		<image>Buttons/Calculus/Sum.svg</image>		<action>newcalculusfunc('&amp;Sum;', 3)</action>	</buttonDef>	<buttonDef id="SumFrom">		<name>Sum From</name>		<description>Sum From</description>		<tooltip>Sum From</tooltip>		<image>Buttons/Calculus/SumFrom.svg</image>		<action>newcalculusfunc('&amp;Sum;', 2)</action>	</buttonDef>	<buttonDef id="Prod">		<name>Product</name>		<description>Product</description>		<tooltip>Product</tooltip>		<image>Buttons/Calculus/Prod.svg</image>		<action>newcalculusfunc('&amp;Product;', 3)</action>	</buttonDef>	<buttonDef id="ProdFrom">		<name>Product From</name>		<description>Product From</description>		<tooltip>Product From</tooltip>		<image>Buttons/Calculus/ProdFrom.svg</image>		<action>newcalculusfunc('&amp;Product;', 2)</action>	</buttonDef>	<buttonDef id="CoProd">		<name>Coproduct</name>		<description>Coproduct</description>		<tooltip>Coproduct</tooltip>		<image>Buttons/Calculus/CoProd.svg</image>		<action>newcalculusfunc('&amp;Coproduct;', 3)</action>	</buttonDef>	<buttonDef id="CoProdFrom">		<name>Coproduct From</name>		<description>Coproduct From</description>		<tooltip>Coproduct From</tooltip>		<image>Buttons/Calculus/CoProdFrom.svg</image>		<action>newcalculusfunc('&amp;Coproduct;', 2)</action>	</buttonDef>	<buttonDef id="Integral">		<name>Integral</name>		<description>Integral</description>		<tooltip>Integral</tooltip>		<image>Buttons/Calculus/Integral.svg</image>		<action>newintegral('&amp;Integral;', 3)</action>	</buttonDef>	<buttonDef id="IntegralFrom">		<name>Integral From</name>		<description>Integral From</description>		<tooltip>Integral From</tooltip>		<image>Buttons/Calculus/IntegralFrom.svg</image>		<action>newintegral('&amp;Integral;', 2)</action>	</buttonDef>	<buttonDef id="Primitive">		<name>Primitive</name>		<description>Primitive</description>		<tooltip>Primitive</tooltip>		<image>Buttons/Calculus/Primitive.svg</image>		<action>newintegral('&amp;Integral;', 0)</action>	</buttonDef>		<buttonDef id="DoubleIntegral">		<name>Double Integral</name>		<description>Double Integral</description>		<tooltip>Double Integral</tooltip>		<image>Buttons/Calculus/DoubleIntegral.svg</image>		<action>newstatic('&amp;Int;', 0)</action>	</buttonDef>	<buttonDef id="TripleIntegral">		<name>Triple Integral</name>		<description>Triple Integral</description>		<tooltip>Triple Integral</tooltip>		<image>Buttons/Calculus/TripleIntegral.svg</image>		<action>newstatic('&amp;tint;', 0)</action>	</buttonDef>	<buttonDef id="ContourIntegral">		<name>Contour Integral</name>		<description>Contour Integral</description>		<tooltip>Contour Integral</tooltip>		<image>Buttons/Calculus/ContourIntegral.svg</image>		<action>newintegral('&amp;ContourIntegral;', 0)</action>	</buttonDef>	<buttonDef id="SurfaceIntegral">		<name>Surface Integral</name>		<description>Surface Integral</description>		<tooltip>Surface Integral</tooltip>		<image>Buttons/Calculus/SurfaceIntegral.svg</image>		<action>newstatic('&amp;DoubleContourIntegral;', 0)</action>	</buttonDef>	<buttonDef id="VolumeIntegral">		<name>Volume Integral</name>		<description>Volume Integral</description>		<tooltip>Volume Integral</tooltip>		<image>Buttons/Calculus/VolumeIntegral.svg</image>		<action>newstatic('&amp;Cconint;', 0)</action>	</buttonDef>	<buttonDef id="Limit">		<name>Limit</name>		<description>Limit</description>		<tooltip>Limit</tooltip>		<image>Buttons/Calculus/Limit.svg</image>		<action>newlimit('two-sided')</action>	</buttonDef>	<buttonDef id="LimitUp">		<name>Limit Up</name>		<description>Limit Up</description>		<tooltip>Limit Up</tooltip>		<image>Buttons/Calculus/LimitUp.svg</image>		<action>newlimit('below')</action>	</buttonDef>	<buttonDef id="LimitDown">		<name>Limit Down</name>		<description>Limit Down</description>		<tooltip>Limit Down</tooltip>		<image>Buttons/Calculus/LimitDown.svg</image>		<action>newlimit('above')</action>	</buttonDef>	<buttonDef id="Div">		<name>Div</name>		<description>Div</description>		<tooltip>Div</tooltip>		<image>Buttons/Calculus/Div.svg</image>		<action>newcalculusfunc('&amp;nabla;&amp;sdot;', 0)</action>	</buttonDef>	<buttonDef id="Grad">		<name>Grad</name>		<description>Grad</description>		<tooltip>Grad</tooltip>		<image>Buttons/Calculus/Grad.svg</image>		<action>newcalculusfunc('&amp;nabla;', 0)</action>	</buttonDef>	<buttonDef id="Curl">		<name>Curl</name>		<description>Curl</description>		<tooltip>Curl</tooltip>		<image>Buttons/Calculus/Curl.svg</image>		<action>newcalculusfunc('&amp;nabla;&amp;times;', 0)</action>	</buttonDef>	<buttonDef id="DOverdx">		<name>d / dx</name>		<description>d / dx</description>		<tooltip>d / dx</tooltip>		<image>Buttons/Calculus/DOverdx.svg</image>		<action>newdoverdx('d');</action>	</buttonDef>	<buttonDef id="DOverdeltax">		<name>Partial d / dx</name>		<description>Partial d / dx</description>		<tooltip>Partial d / dx</tooltip>		<image>Buttons/Calculus/DOverdeltax.svg</image>		<action>newdoverdx('&amp;PartialD;');</action>	</buttonDef>	<buttonDef id="dx">		<name>dx</name>		<description>dx</description>		<tooltip>dx</tooltip>		<image>Buttons/Calculus/dx.svg</image>		<action>newd('d');</action>	</buttonDef>	<buttonDef id="deltax">		<name>Partial d</name>		<description>Partial d</description>		<tooltip>Partial d</tooltip>		<image>Buttons/Calculus/deltax.svg</image>		<action>newd('&amp;PartialD;');</action>	</buttonDef>		<!-- Trigonometry functions -->	<buttonDef id="sin">		<name>Sin</name>		<description>Sin</description>		<tooltip>Sin</tooltip>		<image>Buttons/Trigonometry/sin.svg</image>		<action>newtrig('sin');</action>	</buttonDef>	<buttonDef id="cos">		<name>Cos</name>		<description>Cos</description>		<tooltip>Cos</tooltip>		<image>Buttons/Trigonometry/cos.svg</image>		<action>newtrig('cos');</action>	</buttonDef>	<buttonDef id="tan">		<name>Tan</name>		<description>Tan</description>		<tooltip>Tan</tooltip>		<image>Buttons/Trigonometry/tan.svg</image>		<action>newtrig('tan');</action>	</buttonDef>	<buttonDef id="sec">		<name>Sec</name>		<description>Sec</description>		<tooltip>Sec</tooltip>		<image>Buttons/Trigonometry/sec.svg</image>		<action>newtrig('sec');</action>	</buttonDef>	<buttonDef id="csc">		<name>Csc</name>		<description>Csc</description>		<tooltip>Csc</tooltip>		<image>Buttons/Trigonometry/csc.svg</image>		<action>newtrig('csc');</action>	</buttonDef>	<buttonDef id="cot">		<name>Cot</name>		<description>Cot</description>		<tooltip>Cot</tooltip>		<image>Buttons/Trigonometry/cot.svg</image>		<action>newtrig('cot');</action>	</buttonDef>	<buttonDef id="sinh">		<name>Sinh</name>		<description>Sinh</description>		<tooltip>Sinh</tooltip>		<image>Buttons/Trigonometry/sinh.svg</image>		<action>newtrig('sinh');</action>	</buttonDef>	<buttonDef id="cosh">		<name>Cosh</name>		<description>Cosh</description>		<tooltip>Cosh</tooltip>		<image>Buttons/Trigonometry/cosh.svg</image>		<action>newtrig('cosh');</action>	</buttonDef>	<buttonDef id="tanh">		<name>Tanh</name>		<description>Tanh</description>		<tooltip>Tanh</tooltip>		<image>Buttons/Trigonometry/tanh.svg</image>		<action>newtrig('tanh');</action>	</buttonDef>	<buttonDef id="sech">		<name>Sech</name>		<description>Sech</description>		<tooltip>Sech</tooltip>		<image>Buttons/Trigonometry/sech.svg</image>		<action>newtrig('sech');</action>	</buttonDef>	<buttonDef id="csch">		<name>Csch</name>		<description>Csch</description>		<tooltip>Csch</tooltip>		<image>Buttons/Trigonometry/csch.svg</image>		<action>newtrig('csch');</action>	</buttonDef>	<buttonDef id="coth">		<name>Coth</name>		<description>Hyperbolic cotangent</description>		<tooltip>Hyperbolic cotangent</tooltip>		<image>Buttons/Trigonometry/coth.svg</image>		<action>newtrig('coth');</action>	</buttonDef>	<buttonDef id="arcsin">		<name>Sin</name>		<description>Sin</description>		<tooltip>Sin</tooltip>		<image>Buttons/Trigonometry/arcsin.svg</image>		<action>newtrig('arcsin');</action>	</buttonDef>	<buttonDef id="arccos">		<name>Sin</name>		<description>Sin</description>		<tooltip>Sin</tooltip>		<image>Buttons/Trigonometry/arccos.svg</image>		<action>newtrig('arccos');</action>	</buttonDef>	<buttonDef id="arctan">		<name>Sin</name>		<description>Sin</description>		<tooltip>Sin</tooltip>		<image>Buttons/Trigonometry/arctan.svg</image>		<action>newtrig('arctan');</action>	</buttonDef>	<buttonDef id="arccosh">		<name>Sin</name>		<description>Sin</description>		<tooltip>Sin</tooltip>		<image>Buttons/Trigonometry/arccosh.svg</image>		<action>newtrig('arccosh');</action>	</buttonDef>	<buttonDef id="arccot">		<name>Sin</name>		<description>Sin</description>		<tooltip>Sin</tooltip>		<image>Buttons/Trigonometry/arccot.svg</image>		<action>newtrig('arccot');</action>	</buttonDef>	<buttonDef id="arccoth">		<name>Sin</name>		<description>Sin</description>		<tooltip>Sin</tooltip>		<image>Buttons/Trigonometry/arccoth.svg</image>		<action>newtrig('arccoth');</action>	</buttonDef>	<buttonDef id="arccsc">		<name>Sin</name>		<description>Sin</description>		<tooltip>Sin</tooltip>		<image>Buttons/Trigonometry/arccsc.svg</image>		<action>newtrig('arccsc');</action>	</buttonDef>	<buttonDef id="arccsch">		<name>Sin</name>		<description>Sin</description>		<tooltip>Sin</tooltip>		<image>Buttons/Trigonometry/arccsch.svg</image>		<action>newtrig('arccsch');</action>	</buttonDef>	<buttonDef id="arcsec">		<name>Sin</name>		<description>Sin</description>		<tooltip>Sin</tooltip>		<image>Buttons/Trigonometry/arcsec.svg</image>		<action>newtrig('arcsec');</action>	</buttonDef>	<buttonDef id="arcsech">		<name>Sin</name>		<description>Sin</description>		<tooltip>Sin</tooltip>		<image>Buttons/Trigonometry/arcsech.svg</image>		<action>newtrig('arcsech');</action>	</buttonDef>	<buttonDef id="arcsinh">		<name>Sin</name>		<description>Sin</description>		<tooltip>Sin</tooltip>		<image>Buttons/Trigonometry/arcsinh.svg</image>		<action>newtrig('arcsinh');</action>	</buttonDef>	<buttonDef id="arctanh">		<name>Sin</name>		<description>Sin</description>		<tooltip>Sin</tooltip>		<image>Buttons/Trigonometry/arctanh.svg</image>		<action>newtrig('arctanh');</action>	</buttonDef>		<!-- Geometry -->	<buttonDef id="ang">		<name>Angle</name>		<description>Angle</description>		<tooltip>Angle</tooltip>		<image>Buttons/Trigonometry/ang.svg</image>		<action>newstatic('&amp;ang;');</action>	</buttonDef>	<buttonDef id="angmsd">		<name>Measured Angle</name>		<description>Measured Angle</description>		<tooltip>Measured Angle</tooltip>		<image>Buttons/Trigonometry/angmsd.svg</image>		<action>newstatic('&amp;angmsd;');</action>	</buttonDef>	<buttonDef id="angsph">		<name>Spherical Angle</name>		<description>Spherical Angle</description>		<tooltip>Spherical Angle</tooltip>		<image>Buttons/Trigonometry/angsph.svg</image>		<action>newstatic('&amp;angsph;');</action>	</buttonDef>	<buttonDef id="spar">		<name>Parallel</name>		<description>Parallel</description>		<tooltip>Parallel</tooltip>		<image>Buttons/Trigonometry/spar.svg</image>		<action>newbinaryop('&amp;spar;');</action>	</buttonDef>	<buttonDef id="nspar">		<name>Not Parallel</name>		<description>Not Parallel</description>		<tooltip>Not Parallel</tooltip>		<image>Buttons/Trigonometry/nspar.svg</image>		<action>newbinaryop('&amp;nspar;');</action>	</buttonDef>	<buttonDef id="perp">		<name>Perpendicular</name>		<description>Perpendicular</description>		<tooltip>Perpendicular</tooltip>		<image>Buttons/Trigonometry/perp.svg</image>		<action>newbinaryop('&amp;perp;');</action>	</buttonDef>		<!-- Logical symbols -->	<buttonDef id="Exists">		<name>Exists</name>		<description>Exists</description>		<tooltip>Exists</tooltip>		<image>Buttons/Logic/exist.svg</image>		<action>newstatic('&amp;exist;');</action>	</buttonDef>	<buttonDef id="NotExists">		<name>Not Exists</name>		<description>Not Exists</description>		<tooltip>Not Exists</tooltip>		<image>Buttons/Logic/nexist.svg</image>		<action>newstatic('&amp;nexist;');</action>	</buttonDef>	<buttonDef id="forall">		<name>ForAll</name>		<description>For All</description>		<tooltip>For All</tooltip>		<image>Buttons/Logic/forall.svg</image>		<action>newstatic('&amp;forall;');</action>	</buttonDef>	<buttonDef id="and">		<name>And</name>		<description>And</description>		<tooltip>And</tooltip>		<image>Buttons/Logic/and.svg</image>		<action>newstatic('&amp;and;');</action>	</buttonDef>	<buttonDef id="or">		<name>Or</name>		<description>Or</description>		<tooltip>Or</tooltip>		<image>Buttons/Logic/or.svg</image>		<action>newstatic('&amp;or;');</action>	</buttonDef>	<buttonDef id="not">		<name>Not</name>		<description>Not</description>		<tooltip>Not</tooltip>		<image>Buttons/Logic/not.svg</image>		<action>newstatic('&amp;not;');</action>	</buttonDef>		<!-- Set Theory -->	<buttonDef id="Union">		<name>Union over an explicit domain</name>		<description>Union over an explicit domain</description>		<tooltip>Union over an explicit domain</tooltip>		<image>Buttons/SetTheory/UnionN.svg</image>		<action>newcalculusfunc('&amp;Union;', 3)</action>	</buttonDef>	<buttonDef id="UnionFrom">		<name>Union over a domain</name>		<description>Union over a domain</description>		<tooltip>Union over a domain</tooltip>		<image>Buttons/SetTheory/UnionNFrom.svg</image>		<action>newcalculusfunc('&amp;Union;', 2)</action>	</buttonDef>	<buttonDef id="Intersection">		<name>Intersection over an explicit domain</name>		<description>Intersection over an explicit domain</description>		<tooltip>Intersection over an explicit domain</tooltip>		<image>Buttons/SetTheory/IntersectionN.svg</image>		<action>newcalculusfunc('&amp;Intersection;', 3)</action>	</buttonDef>	<buttonDef id="IntersectionFrom">		<name>Intersection over a domain</name>		<description>Intersection over a domain</description>		<tooltip>Intersection over a domain</tooltip>		<image>Buttons/SetTheory/IntersectionNFrom.svg</image>		<action>newcalculusfunc('&amp;Intersection;', 2)</action>	</buttonDef>		<buttonDef id="union">		<name>Union</name>		<description>Union </description>		<tooltip>Union</tooltip>		<image>Buttons/SetTheory/Union.svg</image>		<action>newbinaryop('&amp;Union;')</action>	</buttonDef>	<buttonDef id="intersection">		<name>Intersection</name>		<description>Intersection </description>		<tooltip>Intersection</tooltip>		<image>Buttons/SetTheory/Intersection.svg</image>		<action>newbinaryop('&amp;Intersection;')</action>	</buttonDef>		<buttonDef id="subset">		<name>Subset</name>		<description>Subset </description>		<tooltip>Subset</tooltip>		<image>Buttons/SetTheory/sub.svg</image>		<action>newbinaryop('&amp;sub;')</action>	</buttonDef>	<buttonDef id="subeqset">		<name>Subset or Equal</name>		<description>Subset or Equal</description>		<tooltip>Subset or Equal</tooltip>		<image>Buttons/SetTheory/sube.svg</image>		<action>newbinaryop('&amp;sube;')</action>	</buttonDef>	<buttonDef id="notsubset">		<name>Not Subset</name>		<description>Not Subset </description>		<tooltip>Not Subset</tooltip>		<image>Buttons/SetTheory/nsub.svg</image>		<action>newbinaryop('&amp;nsub;')</action>	</buttonDef>	<buttonDef id="notsubeqset">		<name>Not Subset or Equal</name>		<description>Not Subset or Equal</description>		<tooltip>Not Subset or Equal</tooltip>		<image>Buttons/SetTheory/nsube.svg</image>		<action>newbinaryop('&amp;nsube;')</action>	</buttonDef>	<buttonDef id="subnoteqset">		<name>Subset Not Equal</name>		<description>Subset Not Equal</description>		<tooltip>Subset Not Equal</tooltip>		<image>Buttons/SetTheory/subne.svg</image>		<action>newbinaryop('&amp;subne;')</action>	</buttonDef>		<buttonDef id="superset">		<name>Superset</name>		<description>Superset </description>		<tooltip>Superset</tooltip>		<image>Buttons/SetTheory/sup.svg</image>		<action>newbinaryop('&amp;sup;')</action>	</buttonDef>	<buttonDef id="supereqset">		<name>Superset or Equal</name>		<description>Superset or Equal</description>		<tooltip>Superset or Equal</tooltip>		<image>Buttons/SetTheory/supe.svg</image>		<action>newbinaryop('&amp;supe;')</action>	</buttonDef>	<buttonDef id="notsuperset">		<name>Not Superset</name>		<description>Not Superset </description>		<tooltip>Not Superset</tooltip>		<image>Buttons/SetTheory/nsup.svg</image>		<action>newbinaryop('&amp;nsup;')</action>	</buttonDef>	<buttonDef id="notsupereqset">		<name>Not Superset or Equal</name>		<description>Not Superset or Equal</description>		<tooltip>Not Superset or Equal</tooltip>		<image>Buttons/SetTheory/nsupe.svg</image>		<action>newbinaryop('&amp;nsupe;')</action>	</buttonDef>	<buttonDef id="supernoteqset">		<name>Superset Not Equal</name>		<description>Superset Not Equal</description>		<tooltip>Superset Not Equal</tooltip>		<image>Buttons/SetTheory/supne.svg</image>		<action>newbinaryop('&amp;supne;')</action>	</buttonDef>		<buttonDef id="isin">		<name>IsIn</name>		<description>Is In</description>		<tooltip>Is In</tooltip>		<image>Buttons/SetTheory/in.svg</image>		<action>newbinaryop('&amp;in;')</action>	</buttonDef>	<buttonDef id="isnotin">		<name>IsNotIn</name>		<description>Is not in</description>		<tooltip>Is not in</tooltip>		<image>Buttons/SetTheory/notin.svg</image>		<action>newbinaryop('&amp;notin;')</action>	</buttonDef>		<buttonDef id="isinreverse">		<name>IsIn</name>		<description>Is In</description>		<tooltip>Is In</tooltip>		<image>Buttons/SetTheory/ni.svg</image>		<action>newbinaryop('&amp;ni;')</action>	</buttonDef>	<buttonDef id="isnotinreverse">		<name>IsNotIn</name>		<description>Is not in</description>		<tooltip>Is not in</tooltip>		<image>Buttons/SetTheory/notni.svg</image>		<action>newbinaryop('&amp;notni;')</action>	</buttonDef>			<buttonDef id="emptyset">		<name>EmptySet</name>		<description>Empty Set</description>		<tooltip>Empty Set</tooltip>		<image>Buttons/SetTheory/empty.svg</image>		<action>newstatic('&amp;empty;', 0, false, StaticLabel.prototype.IDENTIFIER)</action>	</buttonDef>	<buttonDef id="naturals">		<name>Natural Number Set</name>		<description>Natural Number Set</description>		<tooltip>Natural Number Set</tooltip>		<image>Buttons/SetTheory/naturals.svg</image>		<action>newstatic('&amp;naturals;', 0, false, StaticLabel.prototype.IDENTIFIER)</action>	</buttonDef>	<buttonDef id="integers">		<name>Integer Number Set</name>		<description>Integer Number Set</description>		<tooltip>Integer Number Set</tooltip>		<image>Buttons/SetTheory/integers.svg</image>		<action>newstatic('&amp;integers;', 0, false, StaticLabel.prototype.IDENTIFIER)</action>	</buttonDef>	<buttonDef id="rationals">		<name>Rational Number Set</name>		<description>Rational Number Set</description>		<tooltip>Rational Number Set</tooltip>		<image>Buttons/SetTheory/rationals.svg</image>		<action>newstatic('&amp;rationals;', 0, false, StaticLabel.prototype.IDENTIFIER)</action>	</buttonDef>	<buttonDef id="reals">		<name>Real Number Set</name>		<description>Real Number Set</description>		<tooltip>Real Number Set</tooltip>		<image>Buttons/SetTheory/reals.svg</image>		<action>newstatic('&amp;reals;', 0, false, StaticLabel.prototype.IDENTIFIER)</action>	</buttonDef>	<buttonDef id="complexes">		<name>Complex Number Set</name>		<description>Complex Number Set</description>		<tooltip>Complex Number Set</tooltip>		<image>Buttons/SetTheory/complexes.svg</image>		<action>newstatic('&amp;complexes;', 0, false, StaticLabel.prototype.IDENTIFIER)</action>	</buttonDef>	<buttonDef id="quaternions">		<name>Quaternion Number Set</name>		<description>Quaternion Number Set</description>		<tooltip>Quaternion Number Set</tooltip>		<image>Buttons/SetTheory/quaternions.svg</image>		<action>newstatic('&amp;quaternions;', 0, false, StaticLabel.prototype.IDENTIFIER)</action>	</buttonDef>	<buttonDef id="Difference">		<name>Set Difference</name>		<description>Set Difference</description>		<tooltip>Set Difference</tooltip>		<image>Buttons/SetTheory/setminus.svg</image>		<action>newbinaryop('&amp;setminus;')</action>	</buttonDef>	<!-- Fenced -->	<buttonDef id="Parenthesis">		<name>Parenthesis</name>		<description>Parenthesis</description>		<tooltip>Parenthesis</tooltip>		<image>Buttons/Fenced/Parenthesis.svg</image>		<action>newfenced('(', ')');</action>	</buttonDef>	<buttonDef id="Brackets">		<name>Brackets</name>		<description>Brackets</description>		<tooltip>Brackets</tooltip>		<image>Buttons/Fenced/Brackets.svg</image>		<action>newfenced('[', ']');</action>	</buttonDef>	<buttonDef id="Braces">		<name>Braces</name>		<description>Braces</description>		<tooltip>Braces</tooltip>		<image>Buttons/Fenced/Braces.svg</image>		<action>newfenced('{', '}');</action>	</buttonDef>	<buttonDef id="Abs">		<name>Abs</name>		<description>Abs</description>		<tooltip>Abs</tooltip>		<image>Buttons/Fenced/Abs.svg</image>		<action>newfenced('|', '|');</action>	</buttonDef>	<buttonDef id="Floor">		<name>Floor</name>		<description>Floor</description>		<tooltip>Floor</tooltip>		<image>Buttons/Fenced/Floor.svg</image>		<action>newfenced('&amp;lfloor;', '&amp;rfloor;');</action>	</buttonDef>	<buttonDef id="Ceil">		<name>Ceil</name>		<description>Ceil</description>		<tooltip>Ceil</tooltip>		<image>Buttons/Fenced/Ceil.svg</image>		<action>newfenced('&amp;lceil;', '&amp;rceil;');</action>	</buttonDef>	<buttonDef id="Norm">		<name>Norm</name>		<description>Norm</description>		<tooltip>Norm</tooltip>		<image>Buttons/Fenced/Norm.svg</image>		<action>newfenced('&amp;DoubleVerticalBar;', '&amp;DoubleVerticalBar;');</action>	</buttonDef>	<buttonDef id="Angular">		<name>Angular</name>		<description>Angular</description>		<tooltip>Angular</tooltip>		<image>Buttons/Fenced/Angular.svg</image>		<action>newfenced('&amp;lt;', '&amp;gt;');</action>	</buttonDef>	<buttonDef id="Fires">		<name>Fires</name>		<description>Fires</description>		<tooltip>Fires</tooltip>		<image>Buttons/Fenced/Fires.svg</image>		<action>newfenced('[', '&amp;gt;');</action>	</buttonDef>		<!-- Hats -->	<buttonDef id="OverBar">		<name>Overbar</name>		<description>Overbar</description>		<tooltip>Overbar</tooltip>		<image>Buttons/Hats/OverBar.svg</image>		<action>newhat('&amp;OverBar;');</action>	</buttonDef>	<buttonDef id="OverParenthesis">		<name>OverParenthesis</name>		<description>OverParenthesis</description>		<tooltip>OverParenthesis</tooltip>		<image>Buttons/Hats/OverParenthesis.svg</image>		<action>newhat('&amp;OverParenthesis;');</action>	</buttonDef>	<buttonDef id="OverBrace">		<name>OverBrace</name>		<description>OverBrace</description>		<tooltip>OverBrace</tooltip>		<image>Buttons/Hats/OverBrace.svg</image>		<action>newhat('&amp;OverBrace;');</action>	</buttonDef>	<buttonDef id="OverRarr">		<name>Over right arrow</name>		<description>Over right arrow</description>		<tooltip>Over right arrow</tooltip>		<image>Buttons/Hats/OverRarr.svg</image>		<action>newhat('&amp;rarr;');</action>	</buttonDef>	<buttonDef id="OverLarr">		<name>Over left arrow</name>		<description>Over left arrow</description>		<tooltip>Over left arrow</tooltip>		<image>Buttons/Hats/OverLarr.svg</image>		<action>newhat('&amp;larr;');</action>	</buttonDef>	<buttonDef id="OverHarr">		<name>Over horizontal arrow</name>		<description>Over horizontal arrowr</description>		<tooltip>Over horizontal arrow</tooltip>		<image>Buttons/Hats/OverHarr.svg</image>		<action>newhat('&amp;harr;');</action>	</buttonDef>	<buttonDef id="OverTilde">		<name>OverTilde</name>		<description>OverTilde</description>		<tooltip>OverTilde</tooltip>		<image>Buttons/Hats/OverTilde.svg</image>		<action>newhat('&amp;tilde;');</action>	</buttonDef>	<buttonDef id="OverHat">		<name>OverHat</name>		<description>OverHat</description>		<tooltip>OverHat</tooltip>		<image>Buttons/Hats/OverHat.svg</image>		<action>newhat('&amp;Hat;');</action>	</buttonDef>	<buttonDef id="OverDot">		<name>OverDot</name>		<description>OverDot</description>		<tooltip>OverDot</tooltip>		<image>Buttons/Hats/OverDot.svg</image>		<action>newhat('&amp;dot;');</action>	</buttonDef>	<buttonDef id="OverDdot">		<name>Over double dot</name>		<description>Over double dot</description>		<tooltip>Over double dot</tooltip>		<image>Buttons/Hats/OverDdot.svg</image>		<action>newhat('&amp;Dot;');</action>	</buttonDef>	<!-- Shoes (UnderBars) -->	<buttonDef id="UnderBar">		<name>UnderBar</name>		<description>UnderBar</description>		<tooltip>UnderBar</tooltip>		<image>Buttons/Shoes/UnderBar.svg</image>		<action>newshoe('&amp;UnderBar;');</action>	</buttonDef>	<buttonDef id="UnderBrace">		<name>UnderBrace</name>		<description>UnderBrace</description>		<tooltip>UnderBrace</tooltip>		<image>Buttons/Shoes/UnderBrace.svg</image>		<action>newshoe('&amp;UnderBrace;');</action>	</buttonDef>	<buttonDef id="UnderParenthesis">		<name>UnderParenthesis</name>		<description>UnderParenthesis</description>		<tooltip>UnderParenthesis</tooltip>		<image>Buttons/Shoes/UnderParenthesis.svg</image>		<action>newshoe('&amp;UnderParenthesis;');</action>	</buttonDef>		<!-- Prime -->	<buttonDef id="Prime">		<name>Prime</name>		<description>Prime</description>		<tooltip>Prime</tooltip>		<image>Buttons/Hats/Prime.svg</image>		<action>newprime('&amp;prime;');</action>	</buttonDef>	<buttonDef id="Second">		<name>Second</name>		<description>Second</description>		<tooltip>Second</tooltip>		<image>Buttons/Hats/Second.svg</image>		<action>newprime('&amp;Prime;');</action>	</buttonDef>		<!-- Operators -->	<buttonDef id="Plus">		<name>Plus</name>		<description>Plus</description>		<tooltip>Plus</tooltip>		<image>Buttons/Operators/plus.svg</image>		<action>newbinaryop('&amp;plus;');</action>	</buttonDef>	<buttonDef id="Minus">		<name>Minus</name>		<description>Minus</description>		<tooltip>Minus</tooltip>		<image>Buttons/Operators/minus.svg</image>		<action>newbinaryop('&amp;minus;');</action>	</buttonDef>	<buttonDef id="Times">		<name>Times</name>		<description>Times</description>		<tooltip>Times</tooltip>		<image>Buttons/Operators/times.svg</image>		<action>newbinaryop('&amp;times;');</action>	</buttonDef>	<buttonDef id="Divide">		<name>Divide</name>		<description>Divide</description>		<tooltip>Divide</tooltip>		<image>Buttons/Operators/divide.svg</image>		<action>newbinaryop('&amp;divide;');</action>	</buttonDef>	<buttonDef id="over">		<name>over</name>		<description>over</description>		<tooltip>over</tooltip>		<image>Buttons/Operators/over.svg</image>		<action>newbinaryop('/');</action>	</buttonDef>	<buttonDef id="Sdot">		<name>Sdot</name>		<description>Sdot</description>		<tooltip>Sdot</tooltip>		<image>Buttons/Operators/sdot.svg</image>		<action>newbinaryop('&amp;sdot;');</action>	</buttonDef>	<buttonDef id="OPlus">		<name>OPlus</name>		<description>OPlus</description>		<tooltip>OPlus</tooltip>		<image>Buttons/Operators/oplus.svg</image>		<action>newbinaryop('&amp;oplus;');</action>	</buttonDef>	<buttonDef id="OMinus">		<name>OMinus</name>		<description>OMinus</description>		<tooltip>OMinus</tooltip>		<image>Buttons/Operators/ominus.svg</image>		<action>newbinaryop('&amp;ominus;');</action>	</buttonDef>	<buttonDef id="OTimes">		<name>OTimes</name>		<description>OTimes</description>		<tooltip>OTimes</tooltip>		<image>Buttons/Operators/otimes.svg</image>		<action>newbinaryop('&amp;otimes;');</action>	</buttonDef>	<buttonDef id="CompFn">		<name>Compose Functions</name>		<description>Compose Functions</description>		<tooltip>Compose Functions</tooltip>		<image>Buttons/Operators/compfn.svg</image>		<action>newbinaryop('&amp;compfn;');</action>	</buttonDef>	<buttonDef id="mnplus">		<name>mnplus</name>		<description>mnplus</description>		<tooltip>mnplus</tooltip>		<image>Buttons/Operators/mnplus.svg</image>		<action>newbinaryop('&amp;mnplus;');</action>	</buttonDef>	<buttonDef id="plusmn">		<name>plusmn</name>		<description>plusmn</description>		<tooltip>plusmn</tooltip>		<image>Buttons/Operators/plusmn.svg</image>		<action>newbinaryop('&amp;plusmn;');</action>	</buttonDef>		<!-- Relational -->	<buttonDef id="lt">		<name>Less than</name>		<description>Less than</description>		<tooltip>Less than</tooltip>		<image>Buttons/Relational/lt.svg</image>		<action>newbinaryop('&amp;lt;');</action>	</buttonDef>	<buttonDef id="gt">		<name>gt</name>		<description>gt</description>		<tooltip>Greater than</tooltip>		<image>Buttons/Relational/gt.svg</image>		<action>newbinaryop('&amp;gt;');</action>	</buttonDef>	<buttonDef id="leq">		<name>leq</name>		<description>leq</description>		<tooltip>Less or equal</tooltip>		<image>Buttons/Relational/leq.svg</image>		<action>newbinaryop('&amp;leq;');</action>	</buttonDef>	<buttonDef id="geq">		<name>geq</name>		<description>geq</description>		<tooltip>Grater or equal</tooltip>		<image>Buttons/Relational/geq.svg</image>		<action>newbinaryop('&amp;geq;');</action>	</buttonDef>	<buttonDef id="ap">		<name>ap</name>		<description>ap</description>		<tooltip>Approximate</tooltip>		<image>Buttons/Relational/ap.svg</image>		<action>newbinaryop('&amp;ap;');</action>	</buttonDef>	<buttonDef id="cong">		<name>cong</name>		<description>cong</description>		<tooltip>Congruence</tooltip>		<image>Buttons/Relational/cong.svg</image>		<action>newbinaryop('&amp;cong;');</action>	</buttonDef>	<buttonDef id="equals">		<name>equals</name>		<description>equals</description>		<tooltip>Equals</tooltip>		<image>Buttons/Relational/equals.svg</image>		<action>newbinaryop('&amp;equals;');</action>	</buttonDef>	<buttonDef id="equiv">		<name>equiv</name>		<description>equiv</description>		<tooltip>Equivalence</tooltip>		<image>Buttons/Relational/equiv.svg</image>		<action>newbinaryop('&amp;equiv;');</action>	</buttonDef>	<buttonDef id="sim">		<name>sim</name>		<description>sim</description>		<tooltip>Similar</tooltip>		<image>Buttons/Relational/sim.svg</image>		<action>newbinaryop('&amp;sim;');</action>	</buttonDef>	<buttonDef id="Gt">		<name>Much greater than</name>		<description>Much greater than</description>		<tooltip>Much greater than</tooltip>		<image>Buttons/Relational/Ggt.svg</image>		<action>newbinaryop('&amp;Gt;');</action>	</buttonDef>	<buttonDef id="gtdot">		<name>gtdot</name>		<description>gtdot</description>		<tooltip>Greater than with dot</tooltip>		<image>Buttons/Relational/gtdot.svg</image>		<action>newbinaryop('&amp;gtdot;');</action>	</buttonDef>	<buttonDef id="lessdot">		<name>lessdot</name>		<description>lessdot</description>		<tooltip>Less than with dot</tooltip>		<image>Buttons/Relational/lessdot.svg</image>		<action>newbinaryop('&amp;lessdot;');</action>	</buttonDef>	<buttonDef id="Lt">		<name>Lt</name>		<description>Lt</description>		<tooltip>Much less than</tooltip>		<image>Buttons/Relational/Llt.svg</image>		<action>newbinaryop('&amp;Lt;');</action>	</buttonDef>	<buttonDef id="nap">		<name>nap</name>		<description>nap</description>		<tooltip>Not approximate</tooltip>		<image>Buttons/Relational/nap.svg</image>		<action>newbinaryop('&amp;nap;');</action>	</buttonDef>	<buttonDef id="ncong">		<name>ncong</name>		<description>ncong</description>		<tooltip>Not concruent</tooltip>		<image>Buttons/Relational/ncong.svg</image>		<action>newbinaryop('&amp;ncong;');</action>	</buttonDef>	<buttonDef id="ne">		<name>ne</name>		<description>ne</description>		<tooltip>Not equal</tooltip>		<image>Buttons/Relational/ne.svg</image>		<action>newbinaryop('&amp;ne;');</action>	</buttonDef>	<buttonDef id="nequiv">		<name>nequiv</name>		<description>nequiv</description>		<tooltip>Not equivalent</tooltip>		<image>Buttons/Relational/nequiv.svg</image>		<action>newbinaryop('&amp;nequiv;');</action>	</buttonDef>	<buttonDef id="nsim">		<name>nsim</name>		<description>nsim</description>		<tooltip>Not similar</tooltip>		<image>Buttons/Relational/nsim.svg</image>		<action>newbinaryop('&amp;nsim;');</action>	</buttonDef>	<buttonDef id="nge">		<name>nge</name>		<description>nge</description>		<tooltip>Not greater or equal</tooltip>		<image>Buttons/Relational/nge.svg</image>		<action>newbinaryop('&amp;nge;');</action>	</buttonDef>	<buttonDef id="ngt">		<name>ngt</name>		<description>ngt</description>		<tooltip>Not greater than</tooltip>		<image>Buttons/Relational/ngt.svg</image>		<action>newbinaryop('&amp;ngt;');</action>	</buttonDef>	<buttonDef id="nle">		<name>nle</name>		<description>nle</description>		<tooltip>Not less or equal</tooltip>		<image>Buttons/Relational/nle.svg</image>		<action>newbinaryop('&amp;nle;');</action>	</buttonDef>	<buttonDef id="nlt">		<name>nlt</name>		<description>nlt</description>		<tooltip>Not less than</tooltip>		<image>Buttons/Relational/nlt.svg</image>		<action>newbinaryop('&amp;nlt;');</action>	</buttonDef>	<buttonDef id="pr">		<name>pr</name>		<description>pr</description>		<tooltip>Precedes</tooltip>		<image>Buttons/Relational/pr.svg</image>		<action>newbinaryop('&amp;pr;');</action>	</buttonDef>	<buttonDef id="prcue">		<name>prcue</name>		<description>prcue</description>		<tooltip>Precedes or equal</tooltip>		<image>Buttons/Relational/prcue.svg</image>		<action>newbinaryop('&amp;prcue;');</action>	</buttonDef>	<buttonDef id="sc">		<name>sc</name>		<description>sc</description>		<tooltip>Succedes</tooltip>		<image>Buttons/Relational/sc.svg</image>		<action>newbinaryop('&amp;sc;');</action>	</buttonDef>	<buttonDef id="sccue">		<name>sccue</name>		<description>sccue</description>		<tooltip>Succedes or equal</tooltip>		<image>Buttons/Relational/sccue.svg</image>		<action>newbinaryop('&amp;sccue;');</action>	</buttonDef>		<!-- Arrows -->	<buttonDef id="darr">		<name>Down Arrow</name>		<description>Down Arrow</description>		<tooltip>Down Arrow</tooltip>		<image>Buttons/Arrows/darr.svg</image>		<action>newbinaryop('&amp;darr;');</action>	</buttonDef>	<buttonDef id="udarr">		<name>Up Down Arrow</name>		<description>Up Down Arrow</description>		<tooltip>Up Down Arrow</tooltip>		<image>Buttons/Arrows/udarr.svg</image>		<action>newbinaryop('&amp;udarr;');</action>	</buttonDef>	<buttonDef id="uarr">		<name>Up Arrow</name>		<description>Up Arrow</description>		<tooltip>Up Arrow</tooltip>		<image>Buttons/Arrows/uarr.svg</image>		<action>newbinaryop('&amp;uarr;');</action>	</buttonDef>	<buttonDef id="larr">		<name>Left Arrow</name>		<description>Left  Arrow</description>		<tooltip>Left  Arrow</tooltip>		<image>Buttons/Arrows/larr.svg</image>		<action>newbinaryop('&amp;larr;');</action>	</buttonDef>	<buttonDef id="lrarr">		<name>Left Right Arrow</name>		<description>Left Right  Arrow</description>		<tooltip>Left Right  Arrow</tooltip>		<image>Buttons/Arrows/lrarr.svg</image>		<action>newbinaryop('&amp;lrarr;');</action>	</buttonDef>	<buttonDef id="rarr">		<name>Right Arrow</name>		<description>Right Arrow</description>		<tooltip>Right Arrow</tooltip>		<image>Buttons/Arrows/rarr.svg</image>		<action>newbinaryop('&amp;rarr;');</action>	</buttonDef>	<buttonDef id="harr">		<name>Horizontal Arrow</name>		<description>Horizontal  Arrow</description>		<tooltip>Horizontal  Arrow</tooltip>		<image>Buttons/Arrows/harr.svg</image>		<action>newbinaryop('&amp;harr;');</action>	</buttonDef>	<buttonDef id="varr">		<name>Vertical Arrow</name>		<description>Vertical Arrow</description>		<tooltip>Vertical Arrow</tooltip>		<image>Buttons/Arrows/varr.svg</image>		<action>newbinaryop('&amp;varr;');</action>	</buttonDef>	<buttonDef id="nearr">		<name>North East Arrow</name>		<description>North East Arrow</description>		<tooltip>North East Arrow</tooltip>		<image>Buttons/Arrows/nearr.svg</image>		<action>newbinaryop('&amp;nearr;');</action>	</buttonDef>	<buttonDef id="searr">		<name>South East Arrow</name>		<description>South East  Arrow</description>		<tooltip>South East  Arrow</tooltip>		<image>Buttons/Arrows/searr.svg</image>		<action>newbinaryop('&amp;searr;');</action>	</buttonDef>	<buttonDef id="nwarr">		<name>North West Arrow</name>		<description>North West Arrow</description>		<tooltip>North West Arrow</tooltip>		<image>Buttons/Arrows/nwarr.svg</image>		<action>newbinaryop('&amp;nwarr;');</action>	</buttonDef>	<buttonDef id="swarr">		<name>South West Arrow</name>		<description>South West  Arrow</description>		<tooltip>South West  Arrow</tooltip>		<image>Buttons/Arrows/swarr.svg</image>		<action>newbinaryop('&amp;swarr;');</action>	</buttonDef>		<buttonDef id="hArr">		<name>Horizontal Double Arrow</name>		<description>Horizontal Double  Arrow</description>		<tooltip>Horizontal Double  Arrow</tooltip>		<image>Buttons/Arrows/hdarr.svg</image>		<action>newbinaryop('&amp;hArr;');</action>	</buttonDef>	<buttonDef id="lArr">		<name>Left Double Arrow</name>		<description>Left Double  Arrow</description>		<tooltip>Left Double  Arrow</tooltip>		<image>Buttons/Arrows/ldarr.svg</image>		<action>newbinaryop('&amp;lArr;');</action>	</buttonDef>	<buttonDef id="rArr">		<name>Right Double Arrow</name>		<description>Right Double  Arrow</description>		<tooltip>Right Double  Arrow</tooltip>		<image>Buttons/Arrows/rdarr.svg</image>		<action>newbinaryop('&amp;rArr;');</action>	</buttonDef>			<buttonDef id="map">		<name>map</name>		<description>map</description>		<tooltip>map</tooltip>		<image>Buttons/Arrows/map.svg</image>		<action>newbinaryop('&amp;map;');</action>	</buttonDef>	<buttonDef id="larrhk">		<name>Left Hook</name>		<description>Left Hook</description>		<tooltip>Left Hook</tooltip>		<image>Buttons/Arrows/larrhk.svg</image>		<action>newbinaryop('&amp;larrhk;');</action>	</buttonDef>	<buttonDef id="rarrhk">		<name>Right Hook</name>		<description>Right Hook</description>		<tooltip>Right Hook</tooltip>		<image>Buttons/Arrows/rarrhk.svg</image>		<action>newbinaryop('&amp;rarrhk;');</action>	</buttonDef>			<buttonDef id="lharu">		<name>Left Up Harpoon</name>		<description>Left Up Harpoon</description>		<tooltip>Left Up Harpoon</tooltip>		<image>Buttons/Arrows/lharu.svg</image>		<action>newbinaryop('&amp;lharu;');</action>	</buttonDef>	<buttonDef id="rharu">		<name>Right Up Harpoon</name>		<description>Right Up Harpoon</description>		<tooltip>Right Up Harpoon</tooltip>		<image>Buttons/Arrows/rharu.svg</image>		<action>newbinaryop('&amp;rharu;');</action>	</buttonDef>			<buttonDef id="vdash">		<name>vdash</name>		<description>vdash</description>		<tooltip>vdash</tooltip>		<image>Buttons/Arrows/vdash.svg</image>		<action>newbinaryop('&amp;vdash;');</action>	</buttonDef>	<buttonDef id="vDash">		<name>vDash</name>		<description>vDash</description>		<tooltip>vDash</tooltip>		<image>Buttons/Arrows/vdDash.svg</image>		<action>newbinaryop('&amp;vDash;');</action>	</buttonDef>	<buttonDef id="nvdash">		<name>nvdash</name>		<description>nvdash</description>		<tooltip>nvdash</tooltip>		<image>Buttons/Arrows/nvdash.svg</image>		<action>newbinaryop('&amp;nvdash;');</action>	</buttonDef>	<buttonDef id="nvDash">		<name>nvDash</name>		<description>nvDash</description>		<tooltip>nvDash</tooltip>		<image>Buttons/Arrows/nvdDash.svg</image>		<action>newbinaryop('&amp;nvDash;');</action>	</buttonDef></toolbars>